Top queries,Clicks,Impressions,CTR,Position
pronounce words,"5,060","22,159",22.8%,1.7
pronounce words audio,"4,184","14,466",28.9%,1.6
how to pronounce,"1,974","320,613",0.6%,2.2
word pronouncer,"1,523","2,746",55.5%,1.4
word pronunciation,"1,341","7,944",16.9%,3.7
pronouncer,863,"2,407",35.9%,1.8
pronunciation audio,823,"7,416",11.1%,2.5
pronounce,737,"98,457",0.7%,5.4
pronounce this word,622,"7,624",8.2%,2.2
pronunciation tool,510,"1,791",28.5%,2.2
pronounce a word,450,"2,135",21.1%,2.0
quick pronounce,350,472,74.2%,1.6
pronounce words audio free,330,"1,900",17.4%,1.9
pronunciation of words,265,"12,789",2.1%,3.4
pronunciation,208,"63,095",0.3%,5.8
how do you pronounce,161,"45,420",0.4%,2.7
how to pronounce a word,153,809,18.9%,2.4
how to pronounce words,149,"1,953",7.6%,2.6
pronounce the word,146,"7,677",1.9%,3.5
pronounce word,135,"1,836",7.4%,3.9
word pronunciation audio,120,744,16.1%,2.8
word pronouncer tool,106,169,62.7%,1.2
word pronunciation tool,102,266,38.3%,2.2
pronunciation online,88,639,13.8%,3.6
online pronunciation tool,85,250,34%,2.2
google pronounce words audio,83,"3,091",2.7%,5.4
pronounce this word for me,81,"1,581",5.1%,3.1
word pronounce,75,828,9.1%,3.8
word pronouncer online,74,233,31.8%,2.5
pronounce words audio online,71,289,24.6%,1.9
say this word,67,902,7.4%,3.0
pronounciation tool,67,188,35.6%,2.3
quick pronunciation,60,712,8.4%,5.2
quickpronounce,58,66,87.9%,1.0
pronunciation of words online,57,427,13.3%,3.2
pronoucer,54,128,42.2%,1.8
how to pronounce this word,53,"2,693",2%,2.1
how to pronouce,51,"1,248",4.1%,2.0
pronouce words,51,160,31.9%,1.7
voice pronunciation of words,50,725,6.9%,2.9
pronouncer tool,50,107,46.7%,1.4
pronounce online,46,520,8.8%,4.2
pronounce words online,45,224,20.1%,2.5
word pronounciation,42,289,14.5%,3.5
audio pronunciation,41,"1,723",2.4%,4.2
pronounce tool online,36,69,52.2%,1.2
words pronunciation,34,"1,623",2.1%,3.2
online pronunciation,34,867,3.9%,5.4
pronounce a word for me,34,191,17.8%,2.5
pronunciation app online,34,146,23.3%,3.0
pronounce any word,33,145,22.8%,3.6
words pronunciation audio,31,294,10.5%,2.4
pronunciation online free,31,101,30.7%,2.5
pronounce tool,29,568,5.1%,4.5
pronouncer online,28,88,31.8%,2.8
prounce words,28,81,34.6%,1.8
sound out words audio,27,85,31.8%,1.6
pronouncing words,26,951,2.7%,3.7
how to say a word,25,222,11.3%,2.7
audio pronunciation of words,25,159,15.7%,2.8
pronunce words,25,63,39.7%,1.8
pronounce in english,24,"2,563",0.9%,7.0
word pronunciation online,24,300,8%,4.1
pronunciation voice,23,"3,691",0.6%,7.7
how do i pronounce,23,"2,657",0.9%,2.1
pronunciation website,23,919,2.5%,7.7
pronunciation of words audio,23,107,21.5%,2.5
pronunciation online tool,22,51,43.1%,1.7
word pronuncer,22,41,53.7%,1.4
pronunciation audio online,21,227,9.3%,3.0
pronunciation helper,21,184,11.4%,3.3
sentence pronunciation online,21,112,18.8%,2.8
pronunciation tool online,21,62,33.9%,1.7
word pronoucer,21,42,50%,1.5
pronouce,20,"1,454",1.4%,5.3
pronouce this word,20,74,27%,2.0
pronounce words audio free online,19,106,17.9%,2.2
pronunciation words audio,19,90,21.1%,2.5
online pronouncer,19,58,32.8%,2.4
prounouncer,19,39,48.7%,1.5
pronouncer for words,19,31,61.3%,1.2
pronounce audio,18,549,3.3%,4.1
pronunciation sound audio,18,222,8.1%,4.5
help me pronounce a word,18,155,11.6%,2.4
pronounciation online,18,67,26.9%,3.4
pronounce word audio,17,111,15.3%,3.0
pronunciator online,17,85,20%,3.7
pronouce a word,17,60,28.3%,2.1
how to.pronounce,16,"1,577",1%,2.0
pronouce word,16,83,19.3%,3.3
pronunciation site with audio,16,37,43.2%,2.4
english pronunciation online,15,"1,067",1.4%,7.4
pronounce this for me,15,217,6.9%,3.0
pronunciation audio online free,15,56,26.8%,2.7
pronounce online tool,15,32,46.9%,1.4
word prouncer,15,21,71.4%,1.2
how to pronunce,14,469,3%,2.1
how to prounce,14,356,3.9%,2.0
pronounciation audio,14,76,18.4%,2.5
online pronounce words,14,76,18.4%,2.6
